<lxs>
    <scene root="root" axis_length="0"/>

    <views default="defaultCamera2">
        <perspective id="defaultCamera2" near="0.1" far="500" angle="45">
            <from x="25" y="25" z="25" />
            <to x="0" y="0" z="0" />
        </perspective>
        <perspective id="defaultCamera3" near="0.1" far="500" angle="40">
            <from x="-10" y="10" z="10" />
            <to x="0" y="0" z="0" />
        </perspective>

        <ortho id="orthoSide" near="0.1" far="500" left="-50.0" right="50.0" top="30" bottom="-30">
            <from x="30" y="5" z="0" />
            <to x="0" y="0" z="0" />
            <up x="0" y="1" z="0" />
        </ortho>

        <ortho id="orthoFront" near="0.1" far="500" left="-35.0" right="35.0" top="40" bottom="-6">
            <from x="0" y="5" z="30" />
            <to x="0" y="0" z="0" />
            <up x="0" y="0.1" z="-1" />
        </ortho>

    </views>

    <ambient>
        <ambient r="0.2" g="0.2" b="0.2" a="1.0" />
        <background r="0.0" g="0.0" b="0.0" a="1.0" />
    </ambient>

    <lights>
        <spot id="lamp1" enabled="0" angle="180" exponent="1">
            <location x="-5" y="10" z="0" w="1" />
            <target x="-5" y="0" z="0" />
            <ambient r="0.15" g="0.15" b="0.15" a="1.0" />
            <diffuse r="0.8" g="0.8" b="0.8" a="1.0" />
            <specular r="0.5" g="0.5" b="0.5" a="1.0" />
            <attenuation constant="0.2" linear="0.05" quadratic="0" />
        </spot>

        <spot id="lamp2" enabled="0" angle="180" exponent="1">
            <location x="5" y="10" z="0" w="1" />
            <target x="5" y="0" z="0" />
            <ambient r="0.15" g="0.15" b="0.15" a="1.0" />
            <diffuse r="0.8" g="0.8" b="0.8" a="1.0" />
            <specular r="0.5" g="0.5" b="0.5" a="1.0" />
            <attenuation constant="0.2" linear="0.03" quadratic="0" />
        </spot>

        <spot id="lamp3" enabled="0" angle="180" exponent="1">
            <location x="0" y="10" z="0" w="1" />
            <target x="0" y="0" z="0" />
            <ambient r="0.15" g="0.15" b="0.15" a="1.0" />
            <diffuse r="0.8" g="0.8" b="0.8" a="1.0" />
            <specular r="0.5" g="0.5" b="0.5" a="1.0" />
            <attenuation constant="0.2" linear="0.03" quadratic="0" />
        </spot>

        <omni id="lamp4" enabled="0">
            <location x="12" y="5" z="7" w="1" />
            <ambient r="0.15" g="0.15" b="0.15" a="1.0" />
            <diffuse r="0.8" g="0.8" b="0.8" a="1.0" />
            <specular r="0.5" g="0.5" b="0.5" a="1.0" />
            <attenuation constant="0.2" linear="0.07" quadratic="0" />
        </omni>
    </lights>

    <textures>
        <texture id="tall_lamp_texture" file="vidral.jpg" />
        <texture id="tall_lamp_abajur_texture" file="vidral.jpg" />
        <texture id="television_desk_texture" file="trunk-image.jpg" />
        <texture id="walls_texture" file="modern_bricks.jpg" />
        <texture id="vase_texture" file="stripes_vase.jpg" />
        <texture id="floor_texture" file="wood_floor.jpg" />
        <texture id="book_texture" file="vidral.jpg" />
        <texture id="chair_texture" file="bank.jpg" />
        <texture id="television_texture" file="vidral.jpg" />
        <texture id="couch_texture" file="couch_fabric.jpg" />
        <texture id="door_texture" file="door.jpg" />
        <texture id="table_texture" file="table_texture.jpg" />
        <texture id="rug_texture" file="rug.jpg" />
        <texture id="window_texture" file="window.jpg" />
        <texture id="flag_texture" file="flag_texture.jpg" />
        <texture id="demoTexture" file="rocks.jpg" /> <!-- Do not delete, needed for 'none' texture -->
        <texture id="demoTexture2" file="leaves.jpg" />
    </textures>

    <materials>
        <material id="demoMaterial" shininess="10">
            <emission r="0.0" g="0.0" b="0.0" a="1.0" />
            <ambient r="1.0" g="0.0" b="0.0" a="1.0" />
            <diffuse r="0.6" g="0.0" b="0.0" a="1.0" />
            <specular r="0.6" g="0.0" b="0.0" a="1.0" />
        </material>
            
        <material id="demoMaterialBlue" shininess="10">
            <emission r="0.0" g="0.0" b="0.0" a="1.0" />
            <ambient r="0.0" g="0.0" b="1.0" a="1.0" />
            <diffuse r="0.0" g="0.0" b="0.6" a="1.0" />
            <specular r="0.0" g="0.0" b="0.6" a="1.0" />
        </material>

        <material id="demoMaterialGreen" shininess="10">
            <emission r="0.0" g="0.0" b="0.0" a="1.0" />
            <ambient r="0.0" g="1.0" b="0.0" a="1.0" />
            <diffuse r="0.0" g="0.6" b="0.0" a="1.0" />
            <specular r="0.0" g="0.6" b="0.0" a="1.0" />
        </material>

        <material id="black_material" shininess="10">
            <emission r="0.0" g="0.0" b="0.0" a="1.0" />
            <ambient r="0.0" g="0.0" b="0.0" a="1.0" />
            <diffuse r="0.0" g="0.0" b="0.0" a="1.0" />
            <specular r="0.0" g="0.0" b="0.0" a="1.0" />
        </material>

        <material id="gray_material" shininess="100">
            <emission r="0.0" g="0.0" b="0.0" a="1.0" />
            <ambient r="0.2" g="0.2" b="0.2" a="1.0" />
            <diffuse r="0.4" g="0.4" b="0.4" a="1.0" />
            <specular r="0.4" g="0.4" b="0.4" a="1.0" />
        </material>

        <material id="wall_material" shininess="100">
            <emission r="0.2" g="0.2" b="0.2" a="1.0" />
            <ambient r="0.2" g="0.2" b="0.2" a="1.0" />
            <diffuse r="0.9" g="0.9" b="0.9" a="1.0" />
            <specular r="0.1" g="0.1" b="0.1" a="1.0" />
        </material>

        <material id="rug_material" shininess="1">
            <emission r="0.1" g="0.1" b="0.1" a="1.0" />
            <ambient r="0.3" g="0.3" b="0.3" a="1.0" />
            <diffuse r="0.2" g="0.2" b="0.2" a="1.0" />
            <specular r="0.1" g="0.1" b="0.1" a="1.0" />
        </material>

        <material id="floor_material" shininess="100">
            <emission r="0.2" g="0.2" b="0.2" a="1.0" />
            <ambient r="0.4" g="0.4" b="0.4" a="1.0" />
            <diffuse r="0.4" g="0.4" b="0.4" a="1.0" />
            <specular r="0.6" g="0.6" b="0.6" a="1.0" />
        </material>

        <material id="table_material" shininess="10">
            <emission r="0.1" g="0" b="0" a="1.0" />
            <ambient r="0.5" g="0.4" b="0.4" a="1.0" />
            <diffuse r="0.3" g="0.3" b="0.3" a="1.0" />
            <specular r="0.3" g="0.3" b="0.3" a="1.0" />
        </material>

        <material id="window_material" shininess="10">
            <emission r="0" g="0" b="0" a="1.0" />
            <ambient r="1" g="1" b="1" a="1.0" />
            <diffuse r="0.3" g="0.3" b="0.3" a="1.0" />
            <specular r="0.7" g="0.7" b="0.7" a="1.0" />
        </material>

        <material id="tall_lamp_material" shininess="10">
            <emission r="0.0" g="0.0" b="0.0" a="1.0" />
            <ambient r="1.0" g="1.0" b="1.0" a="1.0" />
            <diffuse r="0.6" g="0.6" b="0.6" a="1.0" />
            <specular r="0.6" g="0.6" b="0.6" a="1.0" />
        </material>

        <material id="tall_lamp_abajur_material" shininess="10">
            <emission r="0.0" g="0.0" b="0.0" a="1.0" />
            <ambient r="1.0" g="1.0" b="1.0" a="1.0" />
            <diffuse r="0.6" g="0.6" b="0.6" a="1.0" />
            <specular r="0.6" g="0.6" b="0.6" a="1.0" />
        </material>

        <material id="television_desk_material" shininess="10">
            <emission r="0.0" g="0.0" b="0.0" a="1.0" />
            <ambient r="1.0" g="1.0" b="1.0" a="1.0" />
            <diffuse r="0.6" g="0.6" b="0.6" a="1.0" />
            <specular r="0.6" g="0.6" b="0.6" a="1.0" />
        </material>

        <material id="book_material" shininess="10">
            <emission r="0.0" g="0.0" b="0.0" a="1.0" />
            <ambient r="1.0" g="1.0" b="1.0" a="1.0" />
            <diffuse r="0.6" g="0.6" b="0.6" a="1.0" />
            <specular r="0.6" g="0.6" b="0.6" a="1.0" />
        </material>

        <material id="television_material" shininess="10">
            <emission r="0.0" g="0.0" b="0.0" a="1.0" />
            <ambient r="1.0" g="1.0" b="1.0" a="1.0" />
            <diffuse r="0.6" g="0.6" b="0.6" a="1.0" />
            <specular r="0.6" g="0.6" b="0.6" a="1.0" />
        </material>

        <material id="couch_material" shininess="5">
            <emission r="0" g="0" b="0" a="1.0" />
            <ambient r="0.2" g="0.2" b="0.2" a="1.0" />
            <diffuse r="0.1" g="0.1" b="0.1" a="1.0" />
            <specular r="0.1" g="0.1" b="0.1" a="1.0" />
        </material>

        <material id="chair_material" shininess="10">
            <emission r="0.0" g="0.0" b="0.0" a="1.0" />
            <ambient r="1.0" g="1.0" b="1.0" a="1.0" />
            <diffuse r="0.6" g="0.6" b="0.6" a="1.0" />
            <specular r="0.6" g="0.6" b="0.6" a="1.0" />
        </material>

        <material id="door_material" shininess="10">
            <emission r="0.0" g="0.0" b="0.0" a="1.0" />
            <ambient r="0.4" g="0.4" b="0.4" a="1.0" />
            <diffuse r="0.6" g="0.6" b="0.6" a="1.0" />
            <specular r="0.6" g="0.6" b="0.6" a="1.0" />
        </material>

        <material id="shelf_support_material" shininess="1000">
            <emission r="0.1" g="0.1" b="0.1" a="1.0" />
            <ambient r="0.3" g="0.3" b="0.3" a="1.0" />
            <diffuse r="0.6" g="0.6" b="0.6" a="1.0" />
            <specular r="0.6" g="0.6" b="0.6" a="1.0" />
        </material>

        <material id="ceiling_material" shininess="10">
            <emission r="0.1" g="0.1" b="0.1" a="1.0" />
            <ambient r="0.6" g="0.6" b="0.6" a="1.0" />
            <diffuse r="0.6" g="0.6" b="0.6" a="1.0" />
            <specular r="0.6" g="0.6" b="0.6" a="1.0" />
        </material>

        <material id="tall_lamp_ball_material" shininess="10">
            <emission r="0.2" g="0.2" b="0.2" a="1.0" />
            <ambient r="1" g="1" b="1" a="1" />
            <diffuse r="0.6" g="0.6" b="0.6" a="1.0" />
            <specular r="0.6" g="0.6" b="0.6" a="1.0" />
        </material>
    </materials>

    <transformations>
        <transformation id="tall_lamp">
            <translate x="12" y="0.1" z="7" />
        </transformation>
        <transformation id="tall_lamp_body">
            <translate x="0" y="0" z="0" />
        </transformation>
        <transformation id="tall_lamp_base">
            <translate x="0" y="0" z="0" />
            <rotate axis="x" angle="90" />
            <scale x="1" y="1" z="0.1" />
        </transformation>
        <transformation id="tall_lamp_vertical_pole">
            <translate x="0" y="3" z="0" />
            <rotate axis="x" angle="90" />
            <scale x="0.1" y="0.1" z="3" />
        </transformation>
        <transformation id="tall_lamp_junction">
            <translate x="0" y="4.3" z="0" />
            <scale x="1" y="1" z="1" />
        </transformation>
        <transformation id="tall_lamp_horizontal_pole">
            <translate x="0" y="3" z="0" />
            <rotate axis="x" angle="-90" />
            <scale x="0.3" y="0.3" z="0.3" />
        </transformation>
        <transformation id="tall_lamp_abajur">
            <translate x="0" y="4" z="0" />
            <scale x="0.3" y="0.3" z="0.3" />
        </transformation>
        <transformation id="television_desk">
            <translate x="12" y="0" z="0" />
            <rotate axis="y" angle="-90" />
        </transformation>
        <transformation id="television_desk_body">
            <translate x="0" y="-0.2" z="0" />
            <scale x="1" y="1" z="1" />
        </transformation>
        <!-- Isto vai ter de ser feito a olhar para o display-->
        <transformation id="television_desk_body_book1">
            <translate x="3" y="1.6" z="1" />
            <rotate axis="y" angle="90" />
            <scale x="1" y="1.1" z="1" />
        </transformation>
        <transformation id="television_desk_body_book2">
            <translate x="2.7" y="1.6" z="1" />
            <rotate axis="z" angle="-3" />
            <rotate axis="y" angle="90" />
            <scale x="1" y="0.9" z="1" />
        </transformation>
        <transformation id="television_desk_body_book3">
            <translate x="2.4" y="1.6" z="1" />
            <rotate axis="z" angle="-6" />
            <rotate axis="y" angle="90" />
            <scale x="1" y="1" z="1" />
        </transformation>
        <transformation id="television_desk_body_book4">
            <translate x="2.1" y="1.6" z="1" />
            <rotate axis="z" angle="-10" />
            <rotate axis="y" angle="90" />
            <scale x="1" y="1.1" z="1" />
        </transformation>
        <transformation id="television_desk_legs">
            <translate x="0" y="0.35" z="0" />
            <scale x="1" y="1" z="1" />
        </transformation>
        <transformation id="television_desk_leg1">
            <translate x="2.5" y="0" z="1.5" />
            <scale x="0.3" y="0.7" z="0.3" />
        </transformation>
        <transformation id="television_desk_leg2">
            <translate x="2.5" y="0" z="-1.5" />
            <scale x="0.3" y="0.7" z="0.3" />
        </transformation>
        <transformation id="television_desk_leg3">
            <translate x="-2.5" y="0" z="1.5" />
            <scale x="0.3" y="0.7" z="0.3" />
        </transformation>
        <transformation id="television_desk_leg4">
            <translate x="-2.5" y="0" z="-1.5" />
            <scale x="0.3" y="0.7" z="0.3" />
        </transformation>
        <transformation id="television_desk_body_top">
            <translate x="0" y="3" z="0" />
            <scale x="7" y= "0.4" z= "4"/>
        </transformation>
        <transformation id="television_desk_body_bottom">
            <translate x="0" y="1" z="0" />
            <scale x="7" y= "0.4" z= "4"/>
        </transformation>
        <transformation id="television_desk_body_left">
            <translate x="3.3" y="2" z="0" />
            <rotate axis="y" angle="90" />
            <scale x="4" y= "1.6" z= "0.4"/>
        </transformation>
        <transformation id="television_desk_body_right">
            <translate x="-3.3" y="2" z="0" />
            <rotate axis="y" angle="90" />
            <scale x="4" y= "1.6" z= "0.4"/>
        </transformation>
        <transformation id="television_desk_body_back">
            <translate x="0" y="2" z="-1.8" />
            <scale x="6.6" y= "1.6" z= "0.4"/>
        </transformation>
        <transformation id="book">
            <translate x="0" y="0" z="0" />
        </transformation>
        <transformation id="book_pages">
            <translate x="0" y="0" z="0" />
            <scale x="0.6" y="0.8" z="0.2" />
        </transformation>
        <transformation id="book_cover">
            <translate x="0" y="0" z="0" />
            <scale x="1" y="1" z="1" />
        </transformation>
        <transformation id="book_front_cover">
            <translate x="0.025" y="0" z="0.1" />
            <scale x="0.65" y="0.8" z="0.01" />
        </transformation>
        <transformation id="book_back_cover">
            <translate x="0.025" y="0" z="-0.1" />
            <scale x="0.65" y="0.8" z="0.01" />
        </transformation>
        <transformation id="book_middle_cover">
            <translate x="-0.3" y="0" z="0" />
            <scale x="0.01" y="0.8" z="0.2" />
        </transformation>
        <transformation id="television">
            <translate x="0" y="5" z="0" />
            <scale x="1" y="1" z="1" />
        </transformation>
        <transformation id="television_screen">
            <translate x="0" y="0" z="0" />
            <scale x="5" y="3" z="0.1" />
        </transformation>
        <transformation id="television_stand">
            <translate x="0" y="-1" z="-0.1" />
            <scale x="0.3" y="2" z="0.1" />
        </transformation>
        <transformation id="television_base">
            <translate x="0" y="-2" z="-0.1" />
            <scale x="2" y="0.2" z="1" />
        </transformation>
        <transformation id="couch">
            <translate x="2" y="0" z="0" />
        </transformation>
        <transformation id="couch_corpse">
            <translate x="0" y="0" z="0" />
        </transformation>
        <transformation id="couch_back">
            <translate x="-1.5" y="2.65" z="0" />
            <rotate axis="z" angle="5" />
            <scale x="1" y="2" z="7.2" />
        </transformation>
        <transformation id="couch_bottom">
            <translate x="0" y="0.9" z="0" />
            <scale x="4" y="1.5" z="7.2" />
        </transformation>
        <transformation id="couch_side1">
            <translate x="-3" y="-0.8" z="-1" />
            <scale x="1" y="1" z="1" />
        </transformation>
        <transformation id="couch_side2">
            <translate x="3" y="-0.8" z="-9" />
            <rotate axis="y" angle="180" />
            <scale x="1" y="1" z="1" />
        </transformation>
        <transformation id="couch_side1_inside">
            <translate x="5" y="3" z="5" />
            <rotate axis="y" angle="-90" />
            <scale x="0.1" y="0.15" z="1" />
        </transformation>
        <transformation id="couch_side1_outside">
            <translate x="1" y="3" z="5" />
            <rotate axis="y" angle="-90" />
            <scale x="0.1" y="0.15" z="-1" />
        </transformation>
        <transformation id="couch_side2_inside">
            <translate x="5" y="3" z="-5" />
            <rotate axis="y" angle="-90" />
            <scale x="0.1" y="0.15" z="1" />
        </transformation>
        <transformation id="couch_side2_outside">
            <translate x="1" y="3" z="-5" />
            <rotate axis="y" angle="-90" />
            <scale x="0.1" y="0.15" z="-1" />
        </transformation>
        <transformation id="couch_leg1">
            <translate x="1.6" y="0.2" z="3" />
            <rotate axis="x" angle="90" />
            <scale x="0.2" y="0.2" z="0.2" />
        </transformation>
        <transformation id="couch_leg2">
            <translate x="1.6" y="0.2" z="-3" />
            <rotate axis="x" angle="90" />
            <scale x="0.2" y="0.2" z="0.2" />
        </transformation>
        <transformation id="couch_leg3">
            <translate x="-1.6" y="0.2" z="3" />
            <rotate axis="x" angle="90" />
            <scale x="0.2" y="0.2" z="0.2" />
        </transformation>
        <transformation id="couch_leg4">
            <translate x="-1.6" y="0.2" z="-3" />
            <rotate axis="x" angle="90" />
            <scale x="0.2" y="0.2" z="0.2" />
        </transformation>
        <transformation id="chair">
            <translate x="1" y="0" z="1" />
        </transformation>
        <transformation id="chair_leg1">
            <translate x="0.7" y="1" z="0.7" />
            <scale x="0.15" y="2" z="0.15"/>
        </transformation>
        <transformation id="chair_leg2">
            <translate x="0.7" y="1" z="-0.7" />
            <scale x="0.15" y="2" z="0.15"/>
        </transformation>
        <transformation id="chair_leg3">
            <translate x="-0.7" y="1" z="-0.7" />
            <scale x="0.15" y="2" z="0.15"/>
        </transformation>
        <transformation id="chair_leg4">
            <translate x="-0.7" y="1" z="0.7" />
            <scale x="0.15" y="2" z="0.15"/>
        </transformation>
        <transformation id="chair_top">
            <translate x="0" y="2" z="0" />
                <scale x="1.55" y="0.15" z="1.55"/>
        </transformation>
        <transformation id="chair_back">
            <translate x="0" y="3.5" z="0.7" />
            <rotate axis="x" angle="90"/>
            <scale x="1.55" y="0.15" z="1"/>
        </transformation>
        <transformation id="chair_left_back">
            <translate x="0.7" y="3" z="0.7" />
            <scale x="0.15" y="2" z="0.15"/>
        </transformation>
        <transformation id="chair_right_back">
            <translate x="-0.7" y="3" z="0.7" />
                <scale x="0.15" y="2" z="0.15"/>
        </transformation>
        <transformation id="table">
            <translate x="7" y="0" z="0" />
            <scale x="0.7" y="0.8" z="1" />
        </transformation>
        <transformation id="table_leg1">
            <translate x="2" y="0.75" z="2" />
            <scale x="0.3" y="1.5" z="0.3" />
        </transformation>
        <transformation id="table_leg2">
            <translate x="2" y="0.75" z="-2" />
            <scale x="0.3" y="1.5" z="0.3" />
        </transformation>
        <transformation id="table_leg3">
            <translate x="-2" y="0.75" z="2" />
            <scale x="0.3" y="1.5" z="0.3" />
        </transformation>
        <transformation id="table_leg4">
            <translate x="-2" y="0.75" z="-2" />
            <scale x="0.3" y="1.5" z="0.3" />
        </transformation>
        <transformation id="table_top">
            <translate x="0" y="1.6" z="0" />
            <scale x="4.3" y="0.3" z="4.3" />
        </transformation>
        <transformation id="cube_face1">
            <translate x="0" y="0" z="0.5" />
        </transformation>
        <transformation id="cube_face2">
            <translate x="-0.5" y="0" z="0" />
            <rotate axis="y" angle="-90" />
        </transformation>
        <transformation id="cube_face3">
            <translate x="0" y="0.5" z="0" />
            <rotate axis="x" angle="-90" />
        </transformation>
        <transformation id="cube_face4">
            <translate x="0" y="0" z="-0.5" />
            <rotate axis="x" angle="180" />
        </transformation>
        <transformation id="cube_face5">
            <translate x="0.5" y="0" z="0" />
            <rotate axis="y" angle="90" />
        </transformation>
        <transformation id="cube_face6">
            <translate x="0" y="-0.5" z="0" />
            <rotate axis="x" angle="90" />
        </transformation>
        <transformation id="walls">
            <translate x="0" y="0" z="0" />
            <scale x="1" y= "1" z= "1"/>
        </transformation>
        <transformation id="floor">
            <translate x="0" y="0" z="0" />
            <rotate axis="x" angle="-90" />
            <scale x="30" y= "20" z= "1"/>
        </transformation>
        <transformation id="ceiling">
            <translate x="0" y="10" z="0" />
            <rotate axis="x" angle="90" />
            <scale x="30" y= "20" z= "1"/>
        </transformation>
        <transformation id="wall_west">
            <translate x="-15" y="5" z="0" />
            <rotate axis="y" angle="90" />
            <scale x="20" y= "10" z= "1"/>
        </transformation>
        <transformation id="wall_north">
            <translate x="0" y="5" z="-10" />
            <scale x="30" y= "10" z= "1"/>
        </transformation>
        <transformation id="wall_east">
            <translate x="15" y="5" z="0" />
            <rotate axis="y" angle="-90" />
            <scale x="20" y= "10" z= "1"/>
        </transformation>
        <transformation id="wall_south">
            <translate x="0" y="5" z="10" />
            <rotate axis="y" angle="180" />
            <scale x="30" y= "10" z= "1"/>
        </transformation>

    </transformations>

    <primitives>
        <primitive id="rectangle">
            <rectangle x1="-0.5" y1="-0.5" x2="0.5" y2="0.5" />
        </primitive>
        <primitive id="triangle">
            <triangle x1="-0.5" y1="-0.5" x2="0.5" y2="-0.5" x3="0" y3="0.5"/>
        </primitive>
        <primitive id="cylinder">
            <cylinder height="1" topRadius="1" bottomRadius="1" stacks="10" slices="50"/>
        </primitive>
        <primitive id="cylinder2">
            <cylinder2 height="1" topRadius="1" bottomRadius="1" stacks="10" slices="50"/>
        </primitive>
        <primitive id="circle">
            <circle radius="0.5" slices="50"/>
        </primitive>
        <primitive id="sphere">
            <sphere radius="1" slices="50" stacks="50"/>
        </primitive>
        <primitive id="plane">
            <plane npartsU="50" npartsV="50" />
        </primitive>
        <primitive id="vase">
            <patch npointsU="4" npointsV="7" npartsU="50" npartsV="50">

                <controlpoint xx="0.2" yy="1.0" zz="0" />
                <controlpoint xx="0.3" yy="0.7" zz="0" />
                <controlpoint xx="0.3" yy="0.45" zz="0" />
                <controlpoint xx="0.3" yy="0.15" zz="0" />
                <controlpoint xx="0.3" yy="-0.15" zz="0" />
                <controlpoint xx="0.3" yy="-0.550" zz="0" />
                <controlpoint xx="0.3" yy="-0.9" zz="0" />

                <controlpoint xx="0.2" yy="1.0" zz="0.25" />
                <controlpoint xx="0.2" yy="0.6" zz="0.35" />
                <controlpoint xx="0.2" yy="0.25" zz="0.5" />
                <controlpoint xx="0.2" yy="0.0" zz="1.15" />
                <controlpoint xx="0.2" yy="-0.2" zz="0.5" />
                <controlpoint xx="0.2" yy="-0.6" zz="-0.4" />
                <controlpoint xx="0.3" yy="-0.9" zz="0.6" />

                <controlpoint xx="-0.2" yy="1.0" zz="0.25" />
                <controlpoint xx="-0.2" yy="0.6" zz="0.35" />
                <controlpoint xx="-0.2" yy="0.25" zz="0.5" />
                <controlpoint xx="-0.2" yy="0" zz="1.14" />
                <controlpoint xx="-0.2" yy="-0.2" zz="0.5" />
                <controlpoint xx="-0.2" yy="-0.6" zz="-0.4" />
                <controlpoint xx="-0.3" yy="-0.9" zz="0.6" />

                <controlpoint xx="-0.2" yy="1" zz="0" />
                <controlpoint xx="-0.3" yy="0.7" zz="0" />
                <controlpoint xx="-0.3" yy="0.45" zz="0" />
                <controlpoint xx="-0.3" yy="0.15" zz="0" />
                <controlpoint xx="-0.3" yy="-0.15" zz="0" />
                <controlpoint xx="-0.3" yy="-0.550" zz="0" />
                <controlpoint xx="-0.3" yy="-0.9" zz="0" />

            </patch>
        </primitive>
        <primitive id="couch_side_curve">
            <patch npointsU="2" npointsV="6" npartsU="50" npartsV="50">

                <controlpoint xx="-9" yy="-4" zz="0" />
                <controlpoint xx="-10" yy="10" zz="0" />
                <controlpoint xx="-1.5" yy="8" zz="0" />
                <controlpoint xx="5" yy="1" zz="0" />
                <controlpoint xx="-7" yy="7.5" zz="0" />
                <controlpoint xx="-4" yy="-4" zz="0" />

                <controlpoint xx="-9" yy="-4" zz="4" />
                <controlpoint xx="-10" yy="10" zz="4" />
                <controlpoint xx="-1.5" yy="8" zz="4" />
                <controlpoint xx="5" yy="1" zz="4" />
                <controlpoint xx="-7" yy="7.5" zz="4" />
                <controlpoint xx="-4" yy="-4" zz="4" />

            </patch>
        </primitive>
    </primitives>

    <components>

        <component id="root">
            <transformation>
            </transformation>
            <materials>
                <material id="demoMaterial" />
            </materials>
            <texture id="demoTexture" length_s="1" length_t="1"/>
            <children>
                <componentref id="tall_lamp" />
                <componentref id="television_desk" />
                <componentref id="couch" />
                <!--<componentref id="chair" />-->
                <componentref id="table" />
                <componentref id="walls" />
                <componentref id="vase" />
                <componentref id="door" />
                <componentref id="rug" />
                <componentref id="window" />
                <componentref id="shelf" />
                <componentref id="flags" />
            </children>
        </component>

        <!-- Flag -->
        <component id="flags">
            <transformation>
                <translate x="-14.9" y="3" z="0" />
                <rotate axis="y" angle="90" />
                <scale x="0.9" y= "0.9" z= "0.9"/>
            </transformation>
            <materials>
                <material id="gray_material" />
            </materials>
            <texture id="none"/>
            <children>
                <componentref id="flag1"/>
                <componentref id="flag2"/>
            </children>
        </component>
        <!-- Flag 1-->
        <component id="flag1">
            <transformation>
                <translate x="-1.5" y="0" z="0" />
                <rotate axis="z" angle="-30" />
            </transformation>
            <materials>
                <material id="inherit" />
            </materials>
            <texture id="flag_texture" length_s="1" length_t="1"/>
            <children>
                <componentref id="flag_triangle"/>
                <componentref id="flag_stand"/>
            </children>
        </component>
        <!-- Flag 1-->
        <component id="flag2">
            <transformation>
                <translate x="1.5" y="0" z="0" />
                <rotate axis="z" angle="30" />
                <rotate axis="y" angle="180" />
            </transformation>
            <materials>
                <material id="inherit" />
            </materials>
            <texture id="flag_texture" length_s="1" length_t="1"/>
            <children>
                <componentref id="flag_triangle"/>
                <componentref id="flag_stand"/>
            </children>
        </component>
        <!-- Flag -->
        <component id="flag_triangle">
            <transformation>
                <translate x="1.75" y="5" z="0" />
                <rotate axis="z" angle="-90" />
                <scale x="2" y="3.5" z="1" />
            </transformation>
            <materials>
                <material id="rug_material" />
            </materials>
            <texture id="inherit"/>
            <children>
                <componentref id="flag_triangle_side1"/>
                <componentref id="flag_triangle_side2"/>
            </children>
        </component>
        <!-- Flag Side1 -->
        <component id="flag_triangle_side1">
            <transformation>
            </transformation>
            <materials>
                <material id="inherit" />
            </materials>
            <texture id="inherit"/>
            <children>
                <primitiveref id="triangle"/>
            </children>
        </component>
        <!-- Flag Side2 -->
        <component id="flag_triangle_side2">
            <transformation>
                <rotate axis="y" angle="180" />
            </transformation>
            <materials>
                <material id="inherit" />
            </materials>
            <texture id="inherit"/>
            <children>
                <primitiveref id="triangle"/>
            </children>
        </component>
        <!-- Flag Stand -->
        <component id="flag_stand">
            <transformation>
                <rotate axis="x" angle="-90" />
                <scale x="0.1" y="0.1" z="6" />
            </transformation>
            <materials>
                <material id="inherit" />
            </materials>
            <texture id="none"/>
            <children>
                <primitiveref id="cylinder2"/>
            </children>
        </component>

        <!-- Shelf -->
        <component id="shelf">
            <transformation>
                <translate x="-6.5" y="0.1" z="-9" />
            </transformation>
            <materials>
                <material id="window_material" />
            </materials>
            <texture id="window_texture" length_s="1" length_t="1"/>
            <children>
                <componentref id="bot_shelf"/>
                <componentref id="shelf_add1"/>
                <componentref id="shelf_add2"/>
                <componentref id="shelf_add3"/>
                <componentref id="top_shelf"/>
            </children>
        </component>

        <!-- Bot Shelf -->
        <component id="bot_shelf">
            <transformation>
            </transformation>
            <materials>
                <material id="inherit" />
            </materials>
            <texture id="inherit"/>
            <children>
                <componentref id="horizontal_shelf"/>
                <componentref id="vertical_shelf"/>
                <componentref id="shelf_support"/>
            </children>
        </component>

        <!-- Horizontal Shelf -->
        <component id="horizontal_shelf">
            <transformation>
                <translate x="0" y="0.11" z="0" />
                <scale x="4" y="0.2 " z="2" />
            </transformation>
            <materials>
                <material id="black_material" />
            </materials>
            <texture id="window_texture" length_s="1" length_t="1"/>
            <children>
                <componentref id="cube"/>
            </children>
        </component>

        <!-- Top Shelf -->
        <component id="top_shelf">
            <transformation>
                <translate x="0" y="6.6" z="0" />
                <scale x="4" y="0.2 " z="2" />
            </transformation>
            <materials>
                <material id="black_material" />
            </materials>
            <texture id="window_texture" length_s="1" length_t="1"/>
            <children>
                <componentref id="cube"/>
            </children>
        </component>

        <!-- Vertical Shelf -->
        <component id="vertical_shelf">
            <transformation>
                <translate x="1.9" y="0.9" z="0" />
                <scale x="0.2" y="1.5 " z="2" />
            </transformation>
            <materials>
                <material id="black_material" />
            </materials>
            <texture id="window_texture" length_s="1" length_t="1"/>
            <children>
                <componentref id="cube"/>
            </children>
        </component>

        <!-- Shelf supports -->
        <component id="shelf_support">
            <transformation>
            </transformation>
            <materials>
                <material id="shelf_support_material" />
            </materials>
            <texture id="window_texture" length_s="1" length_t="1"/>
            <children>
                <componentref id="shelf_support1"/>
                <componentref id="shelf_support2"/>
            </children>
        </component>

        <!-- Shelf support 1 -->
        <component id="shelf_support1">
            <transformation>
                <translate x="-1.4" y="1.65" z="0.4" />
                <rotate axis="x" angle="90" />
                <scale x="0.1" y="0.1" z="1.5" />
            </transformation>
            <materials>
                <material id="inherit" />
            </materials>
            <texture id="none"/>
            <children>
                <primitiveref id="cylinder2"/>
            </children>
        </component>

        <!-- Shelf support 2 -->
        <component id="shelf_support2">
            <transformation>
                <translate x="-1.4" y="1.65" z="-0.4" />
                <rotate axis="x" angle="90" />
                <scale x="0.1" y="0.1" z="1.5" />
            </transformation>
            <materials>
                <material id="inherit" />
            </materials>
            <texture id="none"/>
            <children>
                <primitiveref id="cylinder2"/>
            </children>
        </component>

        <!-- Shelf 1 -->
        <component id="shelf_add1">
            <transformation>
                <translate x="0" y="1.65" z="0" />
                <rotate axis="y" angle="180" />
            </transformation>
            <materials>
                <material id="window_material" />
            </materials>
            <texture id="window_texture" length_s="1" length_t="1"/>
            <children>
                <componentref id="horizontal_shelf"/>
                <componentref id="vertical_shelf"/>
                <componentref id="shelf_support"/>
            </children>
        </component>

        <!-- Shelf 2 -->
        <component id="shelf_add2">
            <transformation>
                <translate x="0" y="3.3" z="0" />
            </transformation>
            <materials>
                <material id="window_material" />
            </materials>
            <texture id="window_texture" length_s="1" length_t="1"/>
            <children>
                <componentref id="horizontal_shelf"/>
                <componentref id="vertical_shelf"/>
                <componentref id="shelf_support"/>
            </children>
        </component>

        <!-- Shelf 2 -->
        <component id="shelf_add3">
            <transformation>
                <translate x="0" y="4.95" z="0" />
                <rotate axis="y" angle="180" />
            </transformation>
            <materials>
                <material id="window_material" />
            </materials>
            <texture id="window_texture" length_s="1" length_t="1"/>
            <children>
                <componentref id="horizontal_shelf"/>
                <componentref id="vertical_shelf"/>
                <componentref id="shelf_support"/>
            </children>
        </component>

        <!-- Window -->
        <component id="window">
            <transformation>
                <translate x="6" y="5" z="-9.9" />
                <scale x="5" y="5" z="0.1" />
            </transformation>
            <materials>
                <material id="window_material" />
            </materials>
            <texture id="window_texture" length_s="1" length_t="1"/>
            <children>
                <primitiveref id="rectangle"/>
            </children>
        </component>

        <!-- Door -->
        <component id="door">
            <transformation>
                <translate x="-10" y="3.5" z="9.9" />
                <rotate axis="y" angle="180" />
                <scale x="4" y="8" z="0.1" />
            </transformation>
            <materials>
                <material id="door_material" />
            </materials>
            <texture id="door_texture" length_s="1" length_t="1"/>
            <children>
                <primitiveref id="rectangle"/>
            </children>
        </component>

        <!-- Rug -->
        <component id="rug">
            <transformation>
                <translate x="-7" y="0.1" z="0" />
                <rotate axis="x" angle="-90" />
                <scale x="7" y="10" z="1" />
            </transformation>
            <materials>
                <material id="rug_material" />
            </materials>
            <texture id="rug_texture" length_s="1" length_t="1"/>
            <children>
                <primitiveref id="rectangle"/>
            </children>
        </component>

        <!--vase NURB component-->
        <component id="vase">
            <transformation>
                <translate x="12" y="2" z="-7" />
                <rotate axis="y" angle="35" />
                <scale x="2.2" y="2" z="2"/>
            </transformation>
            <materials>
                <material id="tall_lamp_material" />
            </materials>
            <texture id="vase_texture" length_s="1" length_t="1"/>
            <children>
                <componentref id="vase_inside"/>
                <componentref id="vase_outside"/>
                <componentref id="vase_bottom"/>
            </children>
        </component>

        <component id="vase_inside">
            <transformation>
                <scale x="-1" y="1" z="1" />
                <rotate axis="x" angle="180"/>
            </transformation>
            <materials>
                <material id="inherit" />
            </materials>
            <texture id="inherit"/>
            <children>
                <componentref id="vase_half1"/>
                <componentref id="vase_half2"/>
            </children>
        </component>

        <component id="vase_outside">
            <transformation>
                <rotate axis="x" angle="180"/>
            </transformation>
            <materials>
                <material id="tall_lamp_material" />
            </materials>
            <texture id="inherit"/>
            <children>
                <componentref id="vase_half1"/>
                <componentref id="vase_half2"/>
            </children>
        </component>
        
        <component id="vase_half1">
            <transformation>
            </transformation>
            <materials>
                <material id="tall_lamp_material" />
            </materials>
            <texture id="inherit"/>
            <children>
                <primitiveref id="vase"/>
            </children>
        </component>

        <component id="vase_half2">
            <transformation>
                <rotate axis="y" angle="180"/>
            </transformation>
            <materials>
                <material id="tall_lamp_material" />
            </materials>
            <texture id="inherit"/>
            <children>
                <primitiveref id="vase"/>
            </children>
        </component>

        <component id="vase_bottom">
            <transformation>
                <translate x="0" y="-0.99" z="0" />
                <rotate axis="x" angle="-90"/>
                <scale x="0.4" y="0.4" z="0.4" />
            </transformation>
            <materials>
                <material id="tall_lamp_material" />
            </materials>
            <texture id="inherit"/>
            <children>
                <primitiveref id="circle"/>
            </children>
        </component>


        <!-- Room Walls -->
        <component id="walls">
            <transformation>
                <transformationref id="walls"/>
            </transformation>
            <materials>
                <material id="wall_material" />
            </materials>
            <texture id="walls_texture" length_s="1" length_t="1"/>
            <children>
                <componentref id="floor"/>
                <componentref id="ceiling"/>
                <componentref id="wall_west"/>
                <componentref id="wall_north"/>
                <componentref id="wall_east"/>
                <componentref id="wall_south"/>
            </children>
        </component>

        <!-- Room Floor -->
        <component id="floor">
            <transformation>
                
            </transformation>
            <materials>
                <material id="floor_material" />
            </materials>
            <texture id="floor_texture" length_s="1" length_t="1"/>
            <children>
                <componentref id="floor_top"/>
                <!--<componentref id="floor_bot"/>-->
            </children>
        </component>

        <component id="floor_top">
            <transformation>
                <transformationref id="floor"/>
            </transformation>
            <materials>
                <material id="inherit" />
            </materials>
            <texture id="inherit"/>
            <children>
                <primitiveref id="rectangle"/>
            </children>
        </component>

        <component id="floor_bot">
            <transformation>
                <translate x="0" y="0" z="0" />
                <rotate axis="x" angle="90" />
                <scale x="30" y= "20" z= "1"/>
            </transformation>
            <materials>
                <material id="inherit" />
            </materials>
            <texture id="inherit"/>
            <children>
                <primitiveref id="rectangle"/>
            </children>
        </component>

        <!-- Room Ceiling -->
        <component id="ceiling">
            <transformation>
                <transformationref id="ceiling"/>
            </transformation>
            <materials>
                <material id="gray_material" />
            </materials>
            <texture id="none"/>
            <children>
                <primitiveref id= "rectangle"/>
            </children>
        </component>

        <!-- West Wall -->
        <component id="wall_west">
            <transformation>
                <transformationref id="wall_west"/>
            </transformation>
            <materials>
                <material id="inherit" />
            </materials>
            <texture id="inherit"/>
            <children>
                <primitiveref id= "rectangle"/>
            </children>
        </component>

        <!-- North Wall -->
        <component id="wall_north">
            <transformation>
                <transformationref id="wall_north"/>
            </transformation>
            <materials>
                <material id="inherit" />
            </materials>
            <texture id="inherit"/>
            <children>
                <primitiveref id= "rectangle"/>
            </children>
        </component>

        <!-- East Wall -->
        <component id="wall_east">
            <transformation>
                <transformationref id="wall_east"/>
            </transformation>
            <materials>
                <material id="inherit" />
            </materials>
            <texture id="inherit"/>
            <children>
                <primitiveref id= "rectangle"/>
            </children>
        </component>

        <!-- South Wall -->
        <component id="wall_south">
            <transformation>
                <transformationref id="wall_south"/>
            </transformation>
            <materials>
                <material id="inherit" />
            </materials>
            <texture id="inherit"/>
            <children>
                <primitiveref id= "rectangle"/>
            </children>
        </component>

        <!-- Tall Lamp -->
        <component id="tall_lamp">
            <transformation>
                <transformationref id="tall_lamp"/>
            </transformation>
            <materials>
                <material id="gray_material" />
              
                <material id="demoMaterialBlue" />
                <material id="demoMaterialGreen" />
            </materials>
            <texture id="tall_lamp_texture" length_s="1" length_t="1"/>
            <children>
                <componentref id="tall_lamp_body"/>
                <componentref id="tall_lamp_abajur"/>
            </children>
        </component>

        <!-- Tall Lamp Body -->
        <component id="tall_lamp_body">
            <transformation>
                <transformationref id="tall_lamp_body"/>
            </transformation>
            <materials>
                <material id="inherit" />
            </materials>
            <texture id="inherit"/>
            <children>
                <componentref id="tall_lamp_base"/>
                <componentref id="tall_lamp_vertical_pole"/>
                <componentref id="tall_lamp_junction"/>
                <componentref id="tall_lamp_horizontal_pole"/>
            </children>
        </component>

        <!-- Tall Lamp Base -->
        <component id="tall_lamp_base">
            <transformation>
                <transformationref id="tall_lamp_base"/>
            </transformation>
            <materials>
                <material id="shelf_support_material" />
                <material id="demoMaterialGreen" />
                <material id="demoMaterial" />
                <material id="demoMaterialBlue" />
    
            </materials>
            <texture id="none"/>
            <children>
                <primitiveref id="cylinder"/> <!-- Almost flat cylinder as base -->
            </children>
        </component>

        <!-- Tall Lamp Vertical Pole -->
        <component id="tall_lamp_vertical_pole">
            <transformation>
                <transformationref id="tall_lamp_vertical_pole"/>
            </transformation>
            <materials>
                <material id="inherit" />
            </materials>
            <texture id="none"/>
            <children>
                <primitiveref id="cylinder"/>
            </children>
        </component>

        <!-- Tall Lamp Junction -->
        <component id="tall_lamp_junction">
            <transformation>
                <transformationref id="tall_lamp_junction"/>
            </transformation>
            <materials>
                <material id="tall_lamp_ball_material" />
            </materials>
            <texture id="none"/>
            <children>
                <primitiveref id="sphere"/>
            </children>
        </component>

        <!-- Tall Lamp Horizontal Pole -->
        <component id="tall_lamp_horizontal_pole">
            <transformation>
                <transformationref id="tall_lamp_horizontal_pole"/>
            </transformation>
            <materials>
                <material id="inherit" />
            </materials>
            <texture id="inherit"/>
            <children>
                <primitiveref id="cylinder"/>
            </children>
        </component>

        <!-- Tall Lamp Abajur -->
        <component id="tall_lamp_abajur">
            <transformation>
                <transformationref id="tall_lamp_abajur"/>
            </transformation>
            <materials>
                <material id="inherit" />
            </materials>
            <texture id="inherit"/>
            <children>
                <primitiveref id="cylinder"/>
            </children>
        </component>

        <!-- Television Desk -->
        <component id="television_desk">
            <transformation>
                <transformationref id="television_desk"/>
            </transformation>
            <materials>
                <material id="television_desk_material" />
            </materials>
            <texture id="television_desk_texture" length_s="1" length_t="1"/>
            <children>
                <componentref id="television_desk_body"/>
                <componentref id="television_desk_legs"/>
                <componentref id="television"/>
            </children>
        </component>

        <component id="television_desk_legs">
            <transformation>
                <transformationref id="television_desk_legs"/>
            </transformation>
            <materials>
                <material id="television_desk_material" />
            </materials>
            <texture id="television_desk_texture" length_s="1" length_t="1"/>
            <children>
                <componentref id="television_desk_leg1"/>
                <componentref id="television_desk_leg2"/>
                <componentref id="television_desk_leg3"/>
                <componentref id="television_desk_leg4"/>
            </children>
        </component>


        <!-- Television Desk Body -->
        <component id="television_desk_body">
            <transformation>
                <transformationref id="television_desk_body"/>
            </transformation>
            <materials>
                <material id="inherit" />
            </materials>
            <texture id="inherit"/>
            <children>
                <componentref id="television_desk_body_top"/> <!-- Will have a shelf with books -->
                <componentref id="television_desk_body_bottom"/>
                <componentref id="television_desk_body_left"/>
                <componentref id="television_desk_body_right"/>
                <componentref id="television_desk_body_back"/>
                <componentref id="television_desk_body_book1"/>
                <componentref id="television_desk_body_book2"/>
                <componentref id="television_desk_body_book3"/>
                <componentref id="television_desk_body_book4"/>
                
            </children>
        </component>


         <!-- Television Desk Body Top -->
        <component id="television_desk_body_top">
            <transformation>
                <transformationref id="television_desk_body_top"/>
            </transformation>
            <materials>
                <material id="inherit" />
            </materials>
            <texture id="inherit"/>
            <children>
                <componentref id="cube"/>
            </children>
        </component>

         <!-- Television Desk Body Bottom -->
        <component id="television_desk_body_bottom">
            <transformation>
                <transformationref id="television_desk_body_bottom"/>
            </transformation>
            <materials>
                <material id="inherit" />
            </materials>
            <texture id="inherit"/>
            <children>
                <componentref id="cube"/>
            </children>
        </component>

        <component id="television_desk_body_left">
            <transformation>
                <transformationref id="television_desk_body_left"/>
            </transformation>
            <materials>
                <material id="inherit" />
            </materials>
            <texture id="inherit"/>
            <children>
                <componentref id="cube"/>
            </children>
        </component>

        <component id="television_desk_body_right">
            <transformation>
                <transformationref id="television_desk_body_right"/>
            </transformation>
            <materials>
                <material id="inherit" />
            </materials>
            <texture id="inherit"/>
            <children>
                <componentref id="cube"/>
            </children>
        </component>

        <component id="television_desk_body_back">
            <transformation>
                <transformationref id="television_desk_body_back"/>
            </transformation>
            <materials>
                <material id="inherit" />
            </materials>
            <texture id="inherit"/>
            <children>
                <componentref id="cube"/>
            </children>
        </component>
        <!-- Television Desk Body Book -->
        <component id="television_desk_body_book1">
            <transformation>
                <transformationref id="television_desk_body_book1"/>
            </transformation>
            <materials>
                <material id="inherit" />
            </materials>
            <texture id="inherit"/>
            <children>
                <componentref id="book"/>
            </children>
        </component>
        
        <component id="television_desk_body_book2">
            <transformation>
                <transformationref id="television_desk_body_book2"/>
            </transformation>
            <materials>
                <material id="inherit" />
            </materials>
            <texture id="inherit"/>
            <children>
                <componentref id="book"/>
            </children>
        </component>
        
        <component id="television_desk_body_book3">
            <transformation>
                <transformationref id="television_desk_body_book3"/>
            </transformation>
            <materials>
                <material id="inherit" />
            </materials>
            <texture id="inherit"/>
            <children>
                <componentref id="book"/>
            </children>
        </component>
        
        <component id="television_desk_body_book4">
            <transformation>
                <transformationref id="television_desk_body_book4"/>
            </transformation>
            <materials>
                <material id="inherit" />
            </materials>
            <texture id="inherit"/>
            <children>
                <componentref id="book"/>
            </children>
        </component>

        <!-- Book -->
        <component id="book">
            <transformation>
                <transformationref id="book"/>
            </transformation>
            <materials>
                <material id="book_material" />
            </materials>
            <texture id="book_texture" length_s="1" length_t="1"/>
            <children>
                <componentref id="book_cover"/>
                <componentref id="book_pages"/>
            </children>
        </component>

        <!-- Book Cover -->
        <component id="book_cover">
            <transformation>
                <transformationref id="book_cover"/>
            </transformation>
            <materials>
                <material id="inherit" />
            </materials>
            <texture id="inherit"/>
            <children>
                <componentref id="book_front_cover"/>
                <componentref id="book_back_cover"/>
                <componentref id="book_middle_cover"/>
            </children>
        </component>

        <!-- Book Front Cover -->
        <component id="book_front_cover">
            <transformation>
                <transformationref id="book_front_cover"/>
            </transformation>
            <materials>
                <material id="inherit" />
            </materials>
            <texture id="inherit"/>
            <children>
                <componentref id="cube"/>
            </children>
        </component>

        <!-- Book Back Cover -->
        <component id="book_back_cover">
            <transformation>
                <transformationref id="book_back_cover"/>
            </transformation>
            <materials>
                <material id="inherit" />
            </materials>
            <texture id="inherit"/>
            <children>
                <componentref id="cube"/>
            </children>
        </component>

        <!-- Book Middle Cover -->
        <component id="book_middle_cover">
            <transformation>
                <transformationref id="book_middle_cover"/>
            </transformation>
            <materials>
                <material id="inherit" />
            </materials>
            <texture id="inherit"/>
            <children>
                <componentref id="cube"/>
            </children>
        </component>

        <!-- Book Pages -->
        <component id="book_pages">
            <transformation>
                <transformationref id="book_pages"/>
            </transformation>
            <materials>
                <material id="inherit" />
            </materials>
            <texture id="none"/>
            <children>
                <componentref id="cube"/>
            </children>
        </component>
        

        <!-- Television Desk Leg -->
        <component id="television_desk_leg1">
            <transformation>
                <transformationref id="television_desk_leg1"/>
            </transformation>
            <materials>
                <material id="inherit" />
            </materials>
            <texture id="inherit"/>
            <children>
                <componentref id="cube"/>
                
            </children>
        </component>

        <component id="television_desk_leg2">
            <transformation>
                <transformationref id="television_desk_leg2"/>
            </transformation>
            <materials>
                <material id="inherit" />
            </materials>
            <texture id="inherit"/>
            <children>
                <componentref id="cube"/>
                
            </children>
        </component>

        <component id="television_desk_leg3">
            <transformation>
                <transformationref id="television_desk_leg3"/>
            </transformation>
            <materials>
                <material id="inherit" />
            </materials>
            <texture id="inherit"/>
            <children>
                <componentref id="cube"/>
                
            </children>
        </component>

        <component id="television_desk_leg4">
            <transformation>
                <transformationref id="television_desk_leg4"/>
            </transformation>
            <materials>
                <material id="inherit" />
            </materials>
            <texture id="inherit"/>
            <children>
                <componentref id="cube"/>
                
            </children>
        </component>

        <!-- Television -->
        <component id="television">
            <transformation>
                <transformationref id="television"/>
            </transformation>
            <materials>
                <material id="black_material" />
            </materials>
            <texture id="none"/>
            <children>
                <componentref id="television_screen"/>
                <componentref id="television_stand"/>
                <componentref id="television_base"/>
            </children>
        </component>

        <!-- Television Screen -->
        <component id="television_screen">
            <transformation>
                <transformationref id="television_screen"/>
            </transformation>
            <materials>
                <material id="inherit" />
            </materials>
            <texture id="inherit"/>
            <children>
                <componentref id="cube"/> <!-- Border -->
                <componentref id="cube"/> <!-- Screen -->
            </children>
        </component>

        <!-- Television Leg -->
        <component id="television_stand">
            <transformation>
                <transformationref id="television_stand"/>
            </transformation>
            <materials>
                <material id="gray_material" />
            </materials>
            <texture id="inherit"/>
            <children>
                <componentref id="cube"/>
            </children>
        </component>
        
        <!-- Television Base -->
        <component id="television_base">
            <transformation>
                <transformationref id="television_base"/>
            </transformation>
            <materials>
                <material id="gray_material" />
            </materials>
            <texture id="inherit"/>
            <children>
                <componentref id="cube"/>
            </children>
        </component>

        <!-- Couch -->
        <component id="couch">
            <transformation>
                <transformationref id="couch"/>
            </transformation>
            <materials>
                <material id="couch_material" />
            </materials>
            <texture id="couch_texture" length_s="1" length_t="1"/>
            <children>
                <componentref id="couch_corpse"/>
                <componentref id="couch_leg1"/>
                <componentref id="couch_leg2"/>
                <componentref id="couch_leg3"/>
                <componentref id="couch_leg4"/>
            </children>
        </component>

        <!-- Couch Corpse -->
        <component id="couch_corpse">
            <transformation>
                <transformationref id="couch_corpse"/>
            </transformation>
            <materials>
                <material id="inherit" />
            </materials>
            <texture id="inherit"/>
            <children>
                <componentref id="couch_bottom"/>
                <componentref id="couch_back"/>
                <componentref id="couch_side1"/>
                <componentref id="couch_side2"/>
                <!--
                <componentref id="couch_pillows"/>
                -->
            </children>
        </component>

        <!-- Couch Back -->
        <component id="couch_back">
            <transformation>
                <transformationref id="couch_back"/>
            </transformation>
            <materials>
                <material id="inherit" />
            </materials>
            <texture id="inherit"/>
            <children>
                <componentref id="cube"/>
            </children>
        </component>

        <!-- Couch Bottom -->
        <component id="couch_bottom">
            <transformation>
                <transformationref id="couch_bottom"/>
            </transformation>
            <materials>
                <material id="inherit" />
            </materials>
            <texture id="inherit"/>
            <children>
                <componentref id="cube"/>
            </children>
        </component>

        <!-- Couch Side1-->
        <component id="couch_side1">
            <transformation>
                <transformationref id="couch_side1"/>
            </transformation>
            <materials>
                <material id="inherit" />
            </materials>
            <texture id="inherit"/>
            <children>
                <componentref id="couch_side1_inside"/>
                <componentref id="couch_side1_outside"/>
            </children>
        </component>

        <!-- Couch Side2-->
        <component id="couch_side2">
            <transformation>
                <transformationref id="couch_side2"/>
            </transformation>
            <materials>
                <material id="inherit" />
            </materials>
            <texture id="inherit"/>
            <children>
                <componentref id="couch_side2_inside"/>
                <componentref id="couch_side2_outside"/>
            </children>
        </component>

        <!-- Couch Side1 Bot-->
        <component id="couch_side1_inside">
            <transformation>
                <transformationref id="couch_side1_inside"/>
            </transformation>
            <materials>
                <material id="inherit" />
            </materials>
            <texture id="inherit"/>
            <children>
                <primitiveref id="couch_side_curve"/>
            </children>
        </component>

        <!-- Couch Side1 Top-->
        <component id="couch_side1_outside">
            <transformation>
                <transformationref id="couch_side1_outside"/>
            </transformation>
            <materials>
                <material id="inherit" />
            </materials>
            <texture id="inherit"/>
            <children>
                <primitiveref id="couch_side_curve"/> 
            </children>
        </component>

        <!-- Couch Side2 Bot-->
        <component id="couch_side2_inside">
            <transformation>
                <transformationref id="couch_side2_inside"/>
            </transformation>
            <materials>
                <material id="inherit" />
            </materials>
            <texture id="inherit"/>
            <children>
                <primitiveref id="couch_side_curve"/>
            </children>
        </component>

        <!-- Couch Side2 Top-->
        <component id="couch_side2_outside">
            <transformation>
                <transformationref id="couch_side2_outside"/>
            </transformation>
            <materials>
                <material id="inherit" />
            </materials>
            <texture id="inherit"/>
            <children>
                <primitiveref id="couch_side_curve"/> 
            </children>
        </component>

        <!-- Couch Pillows -->
        <component id="couch_pillows">
            <transformation>
            </transformation>
            <materials>
                <material id="inherit" />
            </materials>
            <texture id="inherit"/>
            <children>
                <componentref id="couch_top_pillow1"/>
                <componentref id="couch_top_pillow2"/>
                <componentref id="couch_back_pillow1"/>
                <componentref id="couch_back_pillow2"/>
            </children>
        </component>

        <!-- Couch Top Pillow 1 -->
        <component id="couch_top_pillow1">
            <transformation>
            </transformation>
            <materials>
                <material id="inherit" />
            </materials>
            <texture id="inherit"/>
            <children>
                <componentref id="cube"/>
            </children>
        </component>

         <!-- Couch Top Pillow 2 -->
        <component id="couch_top_pillow2">
            <transformation>
            </transformation>
            <materials>
                <material id="inherit" />
            </materials>
            <texture id="inherit"/>
            <children>
                <componentref id="cube"/>
            </children>
        </component>

        <!-- Couch Back Pillow 1 -->
        <component id="couch_back_pillow1">
            <transformation>
            </transformation>
            <materials>
                <material id="inherit" />
            </materials>
            <texture id="inherit"/>
            <children>
                <componentref id="cube"/>
            </children>
        </component>

        <!-- Couch Back Pillow 2 -->
        <component id="couch_back_pillow2">
            <transformation>
            </transformation>
            <materials>
                <material id="inherit" />
            </materials>
            <texture id="inherit"/>
            <children>
                <componentref id="cube"/>
            </children>
        </component>

        <!-- Couch Leg -->
        <component id="couch_leg1">
            <transformation>
                <transformationref id="couch_leg1"/>
            </transformation>
            <materials>
                <material id="inherit" />
            </materials>
            <texture id="inherit"/>
            <children>
                <primitiveref id="cylinder"/>
            </children>
        </component>

        <component id="couch_leg2">
            <transformation>
                <transformationref id="couch_leg2"/>
            </transformation>
            <materials>
                <material id="inherit" />
            </materials>
            <texture id="inherit"/>
            <children>
                <primitiveref id="cylinder"/>
            </children>
        </component>

        <component id="couch_leg3">
            <transformation>    
                <transformationref id="couch_leg3"/>
            </transformation>
            <materials>
                <material id="inherit" />
            </materials>
            <texture id="inherit"/>
            <children>
                <primitiveref id="cylinder"/>
            </children>
        </component>

        <component id="couch_leg4">
            <transformation>    
                <transformationref id="couch_leg4"/>
            </transformation>
            <materials>
                <material id="inherit" />
            </materials>
            <texture id="inherit"/>
            <children>
                <primitiveref id="cylinder"/>
            </children>
        </component>

        <!-- Chair -->
        <component id="chair">
            <transformation>
                <transformationref id="chair"/>
            </transformation>
            <materials>
                <material id="chair_material" />
            </materials>
            <texture id="chair_texture" length_s="1" length_t="1"/>
            <children>
                <componentref id="chair_leg1"/>
                <componentref id="chair_leg2"/>
                <componentref id="chair_leg3"/>
                <componentref id="chair_leg4"/>
                <componentref id="chair_top"/>
                <componentref id="chair_back"/>
                <componentref id="chair_left_back"/>
                <componentref id="chair_right_back"/>
            </children>
        </component>

        <!-- Chair Leg -->
        <component id="chair_leg1">
            <transformation>
                <transformationref id="chair_leg1"/>
            </transformation>
            <materials>
                <material id="inherit" />
            </materials>
            <texture id="inherit"/>
            <children>
                <componentref id="cube"/>
            </children>
        </component>

        <!-- Chair Leg -->
        <component id="chair_leg2">
            <transformation>
                <transformationref id="chair_leg2"/>
            </transformation>
            <materials>
                <material id="inherit" />
            </materials>
            <texture id="inherit"/>
            <children>
                <componentref id="cube"/>
            </children>
        </component>

        <!-- Chair Leg -->
        <component id="chair_leg3">
            <transformation>
                <transformationref id="chair_leg3"/>
            </transformation>
            <materials>
                <material id="inherit" />
            </materials>
            <texture id="inherit"/>
            <children>
                <componentref id="cube"/>
            </children>
        </component>

        <!-- Chair Leg -->
        <component id="chair_leg4">
            <transformation>
                <transformationref id="chair_leg4"/>
            </transformation>
            <materials>
                <material id="inherit" />
            </materials>
            <texture id="inherit"/>
            <children>
                <componentref id="cube"/>
            </children>
        </component>

        <!-- Chair Top -->
        <component id="chair_top">
            <transformation>
                <transformationref id="chair_top"/>
            </transformation>
            <materials>
                <material id="inherit" />
            </materials>
            <texture id="inherit"/>
            <children>
                <componentref id="cube"/>
            </children>
        </component>

        <!-- Chair Back -->
        <component id="chair_back">
            <transformation>
                <transformationref id="chair_back"/>
            </transformation>
            <materials>
                <material id="inherit" />
            </materials>
            <texture id="inherit"/>
            <children>
                <componentref id="cube"/>
            </children>
        </component>

        <!-- Chair Left Back -->
        <component id="chair_left_back">
            <transformation>
                <transformationref id="chair_left_back"/>
            </transformation>
            <materials>
                <material id="inherit" />
            </materials>
            <texture id="inherit"/>
            <children>
                <componentref id="cube"/>
            </children>
        </component>

        <!-- Chair Right Back -->
        <component id="chair_right_back">
            <transformation>
                <transformationref id="chair_right_back"/>
            </transformation>
            <materials>
                <material id="inherit" />
            </materials>
            <texture id="inherit"/>
            <children>
                <componentref id="cube"/>
            </children>
        </component>

        <!-- Table -->
        <component id="table">
            <transformation>
                <transformationref id="table"/>
            </transformation>
            <materials>
                <material id="table_material" />
            </materials>
            <texture id="table_texture" length_s="0.5" length_t="0.5"/>
            <children>
                <componentref id="table_leg1"/>
                <componentref id="table_leg2"/>
                <componentref id="table_leg3"/>
                <componentref id="table_leg4"/>
                <componentref id="table_top"/>
            </children>
        </component>

        <!-- Table Leg -->
        <component id="table_leg1">
            <transformation>    
                <transformationref id="table_leg1"/>
            </transformation>
            <materials>
                <material id="inherit" />
            </materials>
            <texture id="inherit"/>
            <children>
                <componentref id="cube"/>
            </children>
        </component>
        
        <!-- Table Leg -->
        <component id="table_leg2">
            <transformation>
                <transformationref id="table_leg2"/>
            </transformation>
            <materials>
                <material id="inherit" />
            </materials>
            <texture id="inherit"/>
            <children>
                <componentref id="cube"/>
            </children>
        </component>

        <!-- Table Leg -->
        <component id="table_leg3">
            <transformation>
                <transformationref id="table_leg3"/>
            </transformation>
            <materials>
                <material id="inherit" />
            </materials>
            <texture id="inherit"/>
            <children>
                <componentref id="cube"/>
            </children>
        </component>

        <!-- Table Leg -->
        <component id="table_leg4">
            <transformation>
                <transformationref id="table_leg4"/>
            </transformation>
            <materials>
                <material id="inherit" />
            </materials>
            <texture id="inherit"/>
            <children>
                <componentref id="cube"/>
            </children>
        </component>

        <!-- Table Top -->
        <component id="table_top">
            <transformation>    
                <transformationref id="table_top"/>
            </transformation>
            <materials>
                <material id="inherit" />
            </materials>
            <texture id="inherit"/>
            <children>
                <componentref id="cube"/>
            </children>
        </component>
        
        <!-- Cube -->
        <component id="cube">
            <transformation>
            </transformation>
            <materials>
                <material id="inherit" />
            </materials>
            <texture id="inherit"/>
            <children>
                <componentref id="cube_face1"/>
                <componentref id="cube_face2"/>
                <componentref id="cube_face3"/>
                <componentref id="cube_face4"/>
                <componentref id="cube_face5"/>
                <componentref id="cube_face6"/>
            </children>
        </component>

        

        <!-- Cube Faces -->
        <component id="cube_face1">
            <transformation>
                <transformationref id="cube_face1"/>
            </transformation>
            <materials>
                <material id="inherit" />
            </materials>
            <texture id="inherit"/>
            <children>
                <primitiveref id="rectangle"/>
            </children>
        </component>

        <component id="cube_face2">
            <transformation>
                <transformationref id="cube_face2"/>
            </transformation>
            <materials>
                <material id="inherit" />
            </materials>
            <texture id="inherit"/>
            <children>
                <primitiveref id="rectangle"/>
            </children>
        </component>

        <component id="cube_face3">
            <transformation>
                <transformationref id="cube_face3"/>
            </transformation>
            <materials>
                <material id="inherit" />
            </materials>
            <texture id="inherit"/>
            <children>
                <primitiveref id="rectangle"/>
            </children>
        </component>

        <component id="cube_face4">
            <transformation>
                <transformationref id="cube_face4"/>
            </transformation>
            <materials>
                <material id="inherit" />
            </materials>
            <texture id="inherit"/>
            <children>
                <primitiveref id="rectangle"/>
            </children>
        </component>

        <component id="cube_face5">
            <transformation>
                <transformationref id="cube_face5"/>
            </transformation>
            <materials>
                <material id="inherit" />
            </materials>
            <texture id="inherit"/>
            <children>
                <primitiveref id="rectangle"/>
            </children>
        </component>

        <component id="cube_face6">
            <transformation>
                <transformationref id="cube_face6"/>
            </transformation>
            <materials>
                <material id="inherit" />
            </materials>
            <texture id="inherit"/>
            <children>
                <primitiveref id="rectangle"/>
            </children>
        </component>

    </components>
</lxs>